{"cameraMode":{"drawMode":0,"name":"Shaded","section":"Shading Mode"},"sceneLighting":false,"audioPlay":false,"sceneViewState":{"showFog":true,"showMaterialUpdate":false,"showSkybox":true,"showFlares":true,"showImageEffects":true,"showParticleSystems":true},"in2DMode":false,"pivot":{"x":5.960464477539063e-8,"y":0.4438214898109436,"z":0.11950254440307617},"rotation":{"x":-0.08411682397127152,"y":0.9060447216033936,"z":-0.2148314118385315,"w":-0.35476014018058779},"size":2.706416606903076,"orthographic":false}