{"cameraMode":{"drawMode":0,"name":"Shaded","section":"Shading Mode"},"sceneLighting":false,"audioPlay":false,"sceneViewState":{"showFog":true,"showMaterialUpdate":false,"showSkybox":true,"showFlares":true,"showImageEffects":true,"showParticleSystems":true},"in2DMode":false,"pivot":{"x":0.00042418017983436584,"y":0.05071045458316803,"z":-0.002289384603500366},"rotation":{"x":-0.08411682397127152,"y":0.9060447216033936,"z":-0.2148314118385315,"w":-0.35476014018058779},"size":0.6154375076293945,"orthographic":false}