{"cameraMode":{"drawMode":0,"name":"Shaded","section":"Shading Mode"},"sceneLighting":true,"audioPlay":false,"sceneViewState":{"showFog":true,"showMaterialUpdate":false,"showSkybox":true,"showFlares":true,"showImageEffects":true,"showParticleSystems":true},"in2DMode":false,"pivot":{"x":2.4600000381469728,"y":0.06587761640548706,"z":0.035999998450279239},"rotation":{"x":-0.08411682397127152,"y":0.9060447216033936,"z":-0.2148314118385315,"w":-0.35476014018058779},"size":0.48581573367118838,"orthographic":false}