{"cameraMode":{"drawMode":0,"name":"Shaded","section":"Shading Mode"},"sceneLighting":true,"audioPlay":false,"sceneViewState":{"showFog":true,"showMaterialUpdate":false,"showSkybox":true,"showFlares":true,"showImageEffects":true,"showParticleSystems":true},"in2DMode":false,"pivot":{"x":3.0389795303344728,"y":0.051899462938308719,"z":-1.765000581741333},"rotation":{"x":-0.08411682397127152,"y":0.9060447216033936,"z":-0.2148314118385315,"w":-0.35476014018058779},"size":0.3861613869667053,"orthographic":false}